Id,成約価格(予測対象),接道幅,建物面積,土地面積,駅からの徒歩分,所在地,階数,築年,外壁,外壁状態,床暖房,トイレ数,水回り状態,成約年
id1,6688,8,96,71,13,東京都下,3階建て,19,サイディング,普通,あり,2,普通,2019
id2,4900,6,96,121,5,神奈川,2階建て,25,サイディング,普通,なし,1,良い,2019
id3,6008,9,141,148,11,埼玉,2階建て,8,サイディング,普通,あり,1,普通,2017
id4,7314,,104,112,3,東京都下,2階建て,23,タイル,普通,あり,2,,2019
id5,2749,5,85,98,4,千葉,2階建て,23,サイディング,普通,なし,2,普通,2019
id6,4628,5,74,80,16,埼玉,2階建て,13,,普通,あり,1,普通,2019
id7,5798,7,112,69,17,埼玉,3階建て,7,,普通,あり,1,普通,2019
id8,7679,,130,96,19,東京23区,3階建て,12,サイディング,普通,なし,1,,2018
id9,10322,9,107,75,9,東京都下,3階建て,21,タイル,良い,あり,2,良い,2018
id10,5476,,109,65,13,神奈川,3階建て,20,,普通,なし,1,,2016
id11,3949,5,61,65,20,埼玉,2階建て,21,サイディング,普通,あり,1,普通,2017
id12,5180,,112,76,17,神奈川,3階建て,19,,普通,あり,1,普通,2017
id13,3857,7,108,64,12,埼玉,3階建て,8,サイディング,普通,なし,2,普通,2017
id14,5408,7,137,94,15,千葉,3階建て,12,サイディング,普通,あり,1,,2018
id15,6191,13,76,64,12,埼玉,3階建て,8,サイディング,普通,なし,1,普通,2018
id16,10877,10,142,157,4,東京23区,2階建て,30,,良い,あり,3,,2019
id17,6420,8,97,68,4,東京都下,3階建て,29,,良い,あり,2,良い,2017
id18,5593,4,61,66,16,神奈川,3階建て,4,サイディング,普通,なし,1,普通,2016
id19,5820,,82,74,16,埼玉,3階建て,15,サイディング,普通,あり,1,良い,2018
id20,7511,11,142,107,7,東京23区,3階建て,30,タイル,良い,あり,2,,2018
id21,5194,6,72,66,19,埼玉,3階建て,15,,普通,なし,1,良い,2018
id22,8256,5,163,97,7,東京都下,3階建て,14,サイディング,普通,なし,1,普通,2019
id23,2707,6,63,65,22,埼玉,3階建て,7,サイディング,普通,なし,1,,2018
id24,3901,5,85,98,12,千葉,2階建て,7,,普通,なし,1,普通,2019
id25,5720,9,110,65,13,東京都下,3階建て,26,サイディング,良い,あり,2,,2017
id26,5852,11,109,70,16,東京都下,3階建て,12,サイディング,普通,あり,1,普通,2017
id27,6269,7,85,73,12,埼玉,3階建て,11,,普通,なし,1,,2017
id28,4484,7,79,60,16,埼玉,3階建て,12,サイディング,普通,なし,1,良い,2018
id29,3563,7,60,60,15,千葉,3階建て,9,サイディング,普通,なし,2,,2018
id30,6525,12,169,103,12,神奈川,3階建て,14,サイディング,普通,なし,1,普通,2017
id31,5156,,92,60,18,東京都下,3階建て,12,サイディング,普通,なし,1,普通,2017
id32,6887,6,77,63,5,東京23区,3階建て,31,,とても良い,あり,2,,2017
id33,8822,5,128,135,2,埼玉,2階建て,3,サイディング,良い,あり,1,良い,2016
id34,7523,8,111,66,6,東京23区,3階建て,29,サイディング,良い,あり,2,,2019
id35,4530,3,62,76,10,千葉,2階建て,7,サイディング,普通,なし,2,,2016
id36,4779,14,77,69,18,埼玉,3階建て,14,,普通,あり,1,,2017
id37,6960,,139,143,9,埼玉,2階建て,18,サイディング,普通,なし,2,普通,2019
id38,3857,5,62,74,14,埼玉,2階建て,19,サイディング,普通,なし,1,普通,2017
id39,4560,21,85,78,20,千葉,3階建て,5,サイディング,普通,なし,1,普通,2016
id40,10353,7,163,262,4,東京都下,3階建て,32,,良い,なし,1,,2016
id41,5327,6,71,81,11,埼玉,2階建て,11,サイディング,普通,なし,1,,2017
id42,7615,10,102,61,10,埼玉,3階建て,7,,普通,なし,2,,2016
id43,5180,2,61,69,5,埼玉,2階建て,28,,良い,あり,2,良い,2016
id44,4449,6,72,67,21,東京都下,3階建て,12,サイディング,普通,あり,1,普通,2017
id45,4077,6,72,82,15,千葉,2階建て,12,サイディング,普通,なし,1,普通,2017
id46,4806,5,103,124,5,千葉,2階建て,22,サイディング,普通,なし,2,普通,2017
id47,7104,,94,104,6,東京都下,2階建て,25,,普通,あり,2,良い,2016
id48,14241,8,96,101,7,東京23区,2階建て,9,,良い,あり,2,良い,2017
id49,8512,7,107,64,9,東京都下,3階建て,21,,良い,あり,2,,2018
id50,2804,5,85,78,22,千葉,3階建て,9,サイディング,普通,なし,1,,2016
id51,8197,10,137,79,2,東京23区,3階建て,24,,普通,あり,2,,2016
id52,5475,9,102,71,16,埼玉,3階建て,15,,普通,なし,1,,2016
id53,5621,6,110,107,7,千葉,2階建て,2,サイディング,良い,なし,2,,2017
id54,3722,2,61,71,18,神奈川,2階建て,7,サイディング,普通,なし,1,,2017
id55,4795,5,86,103,13,埼玉,2階建て,13,サイディング,普通,なし,1,普通,2019
id56,5672,6,104,132,13,千葉,2階建て,1,サイディング,普通,なし,1,普通,2017
id57,7609,10,130,147,3,埼玉,2階建て,18,,普通,なし,2,良い,2019
id58,5130,3,62,68,12,埼玉,3階建て,17,,普通,あり,2,普通,2016
id59,12626,16,102,65,8,東京23区,3階建て,3,タイル,普通,あり,2,良い,2017
id60,6189,,85,92,9,神奈川,2階建て,21,,普通,なし,2,普通,2018
id61,6296,12,119,129,8,埼玉,2階建て,20,サイディング,良い,あり,2,良い,2016
id62,3950,18,85,106,9,千葉,2階建て,5,,普通,なし,1,,2016
id63,3919,9,85,75,13,埼玉,3階建て,13,ALC,普通,なし,1,,2018
id64,7500,7,93,99,4,東京都下,2階建て,20,サイディング,普通,あり,2,,2016
id65,7910,8,103,62,8,東京都下,3階建て,21,,良い,あり,2,良い,2018
id66,4263,7,109,69,18,千葉,3階建て,6,,普通,なし,1,普通,2018
id67,2969,9,106,63,20,千葉,3階建て,13,サイディング,普通,なし,1,普通,2018
id68,5245,8,92,103,5,千葉,2階建て,16,,良い,なし,2,良い,2018
id69,5139,6,70,65,8,千葉,3階建て,12,サイディング,普通,なし,2,普通,2019
id70,6872,9,104,67,14,東京都下,3階建て,24,サイディング,普通,あり,2,良い,2019
id71,3947,,110,107,4,千葉,2階建て,25,,普通,あり,1,普通,2017
id72,7532,8,94,99,2,東京23区,2階建て,29,,良い,あり,2,良い,2019
id73,4117,6,108,76,17,千葉,3階建て,8,サイディング,普通,なし,1,普通,2016
id74,4214,5,60,60,21,千葉,3階建て,8,サイディング,普通,あり,1,普通,2018
id75,7074,11,118,69,2,東京都下,3階建て,19,,普通,あり,2,,2018
id76,5974,,78,91,10,埼玉,2階建て,23,サイディング,普通,あり,2,,2016
id77,9520,6,123,179,4,神奈川,2階建て,16,サイディング,普通,あり,2,,2019
id78,6260,3,62,69,10,埼玉,2階建て,18,,普通,なし,2,普通,2018
id79,6041,,116,81,16,埼玉,3階建て,9,,普通,なし,1,普通,2018
id80,5863,7,85,91,10,東京都下,2階建て,19,サイディング,良い,あり,2,,2016
id81,10416,,115,150,18,東京23区,2階建て,16,サイディング,普通,あり,1,普通,2017
id82,4171,5,110,117,15,千葉,2階建て,7,サイディング,普通,なし,1,普通,2018
id83,4761,,61,69,18,神奈川,3階建て,16,,普通,なし,2,,2017
id84,3172,6,111,119,20,千葉,2階建て,13,サイディング,普通,あり,1,,2019
id85,5910,7,90,65,16,埼玉,3階建て,11,,普通,なし,1,,2016
id86,8607,,122,131,2,埼玉,2階建て,8,,良い,あり,2,良い,2016
id87,7334,8,103,73,5,埼玉,3階建て,12,,普通,なし,2,,2017
id88,5728,8,104,62,6,東京都下,3階建て,24,,普通,なし,2,,2016
id89,5684,,104,73,14,埼玉,3階建て,13,,普通,なし,2,普通,2017
id90,5986,8,111,75,5,神奈川,3階建て,25,,普通,なし,2,普通,2019
id91,5689,7,91,100,7,東京都下,2階建て,28,,良い,あり,2,良い,2016
id92,8313,7,154,168,8,東京都下,2階建て,20,サイディング,普通,あり,2,,2016
id93,6191,13,91,67,9,埼玉,3階建て,4,,普通,なし,2,普通,2016
id94,4817,2,111,119,6,千葉,2階建て,18,タイル,良い,あり,2,良い,2017
id95,4588,,62,74,12,埼玉,2階建て,14,サイディング,普通,なし,1,普通,2018
id96,5192,15,104,62,18,東京都下,3階建て,11,サイディング,普通,なし,1,,2019
id97,6796,,148,153,3,東京都下,2階建て,19,,普通,なし,2,普通,2016
id98,8914,,135,85,13,東京23区,3階建て,16,サイディング,普通,なし,1,,2019
id99,2756,6,96,117,16,千葉,2階建て,20,サイディング,普通,なし,1,,2018
id100,6701,9,120,139,7,神奈川,2階建て,30,,良い,あり,2,とても良い,2016
id101,7188,10,126,136,9,埼玉,2階建て,23,サイディング,良い,あり,2,良い,2018
id102,12171,13,194,199,5,神奈川,2階建て,14,,良い,あり,2,,2018
id103,10691,11,137,147,5,東京23区,2階建て,35,,良い,あり,2,とても良い,2018
id104,4642,6,61,70,19,千葉,2階建て,6,サイディング,普通,あり,1,,2017
id105,5419,4,111,149,7,千葉,3階建て,16,,普通,なし,2,,2016
id106,5709,6,101,116,11,千葉,2階建て,7,サイディング,普通,なし,2,,2018
id107,9455,14,106,110,4,東京23区,2階建て,29,,良い,あり,1,,2017
id108,6584,6,82,95,5,埼玉,2階建て,24,,良い,あり,2,良い,2019
id109,5087,,124,136,11,千葉,2階建て,12,,普通,なし,1,普通,2017
id110,8048,14,218,171,8,埼玉,3階建て,19,タイル,普通,なし,1,普通,2016
id111,4493,4,100,79,9,神奈川,2階建て,25,サイディング,良い,なし,2,良い,2016
id112,5643,8,102,84,11,埼玉,3階建て,18,ALC,普通,なし,1,普通,2016
id113,6001,5,124,72,6,神奈川,3階建て,17,タイル,普通,なし,2,普通,2016
id114,8615,10,100,116,4,東京23区,2階建て,16,,良い,なし,2,,2018
id115,7138,,137,145,9,埼玉,2階建て,14,サイディング,良い,あり,2,,2019
id116,6504,4,174,97,7,神奈川,3階建て,31,タイル,とても良い,あり,2,とても良い,2019
id117,3707,4,85,73,18,千葉,3階建て,15,サイディング,良い,なし,1,,2019
id118,5005,4,91,82,12,千葉,3階建て,7,,普通,あり,1,,2018
id119,4951,15,74,86,13,埼玉,2階建て,13,サイディング,普通,なし,1,普通,2016
id120,5418,9,230,238,2,千葉,2階建て,39,サイディング,良い,あり,2,,2018
id121,5936,,99,119,14,神奈川,2階建て,21,サイディング,普通,あり,2,,2016
id122,5850,6,104,118,9,千葉,2階建て,13,サイディング,普通,あり,2,普通,2019
id123,7737,4,162,161,7,神奈川,3階建て,30,サイディング,良い,あり,1,とても良い,2018
id124,4706,2,101,116,11,千葉,2階建て,22,タイル,良い,あり,2,,2019
id125,4489,6,72,60,20,東京都下,3階建て,15,,普通,なし,1,,2018
id126,4984,3,61,70,10,神奈川,2階建て,18,サイディング,普通,なし,2,普通,2016
id127,7665,8,94,160,5,東京都下,3階建て,23,タイル,とても良い,あり,2,とても良い,2016
id128,7981,22,254,270,4,埼玉,2階建て,26,サイディング,良い,なし,2,良い,2017
id129,6691,8,96,78,5,東京23区,3階建て,28,,良い,あり,2,とても良い,2018
id130,6991,8,101,116,15,千葉,3階建て,4,サイディング,普通,あり,2,普通,2019
id131,4818,,62,64,20,東京都下,3階建て,20,,良い,あり,1,良い,2018
id132,4012,5,101,96,13,千葉,2階建て,14,サイディング,普通,なし,1,普通,2017
id133,5705,4,137,79,8,埼玉,3階建て,13,サイディング,普通,なし,1,普通,2018
id134,5450,8,83,74,16,埼玉,3階建て,19,タイル,普通,あり,1,普通,2017
id135,4079,12,62,72,20,千葉,3階建て,4,,普通,なし,1,,2017
id136,6488,16,104,62,14,東京23区,3階建て,20,サイディング,普通,あり,2,,2017
id137,8955,7,86,94,5,東京23区,2階建て,22,,普通,あり,2,良い,2017
id138,5777,4,136,88,17,東京都下,3階建て,13,サイディング,普通,あり,1,普通,2016
id139,5753,,109,115,11,東京都下,2階建て,20,,普通,あり,1,普通,2017
id140,7184,7,109,135,10,東京都下,3階建て,25,,良い,あり,2,,2019
id141,5215,4,91,61,13,東京23区,3階建て,23,,良い,あり,2,,2017
id142,7470,7,90,116,9,東京都下,3階建て,23,サイディング,良い,あり,2,,2018
id143,3562,13,105,65,20,埼玉,3階建て,10,サイディング,普通,なし,1,,2016
id144,8265,10,135,92,6,東京23区,3階建て,37,,とても良い,あり,2,,2016
id145,6419,4,61,61,12,埼玉,3階建て,23,,良い,あり,2,良い,2017
id146,13127,30,151,167,9,東京23区,2階建て,26,,良い,あり,2,とても良い,2016
id147,5972,8,107,86,19,東京都下,3階建て,13,サイディング,普通,なし,1,普通,2017
id148,6156,7,88,68,10,東京都下,3階建て,17,,良い,あり,2,,2018
id149,8298,9,120,87,6,東京23区,3階建て,27,,とても良い,あり,2,,2019
id150,4009,5,87,94,9,千葉,2階建て,20,サイディング,普通,なし,1,普通,2018
id151,8767,8,90,78,8,東京23区,3階建て,26,タイル,良い,あり,2,良い,2016
id152,3092,6,61,84,10,千葉,2階建て,14,,普通,なし,1,,2017
id153,4239,16,108,120,14,千葉,2階建て,18,,普通,なし,1,,2017
id154,7361,,89,100,7,東京都下,2階建て,25,,良い,あり,2,良い,2019
id155,5764,8,104,65,5,東京都下,3階建て,21,,普通,なし,2,普通,2016
id156,5237,14,91,111,9,千葉,2階建て,9,サイディング,普通,なし,2,,2017
id157,5026,8,113,67,11,神奈川,3階建て,17,サイディング,普通,あり,1,,2016
id158,10194,,109,159,9,東京23区,2階建て,20,ALC,良い,なし,2,,2016
id159,3781,6,62,66,12,埼玉,3階建て,2,サイディング,普通,あり,1,,2017
id160,7376,4,61,61,7,神奈川,3階建て,28,タイル,良い,あり,2,良い,2017
id161,6361,7,84,101,7,神奈川,2階建て,19,サイディング,良い,あり,2,良い,2017
id162,5603,9,94,105,12,埼玉,2階建て,19,,普通,あり,2,,2018
id163,8307,13,124,135,4,東京都下,2階建て,25,,良い,あり,2,,2019
id164,3738,7,127,76,19,千葉,3階建て,15,サイディング,普通,なし,1,普通,2018
id165,5164,9,85,93,14,埼玉,2階建て,20,,普通,なし,1,普通,2016
id166,9023,6,84,98,8,埼玉,2階建て,5,サイディング,普通,あり,2,,2019
id167,5580,,108,120,15,千葉,3階建て,8,,普通,なし,1,,2019
id168,9202,8,107,111,2,東京23区,2階建て,26,サイディング,良い,なし,2,,2019
id169,5277,16,96,73,7,埼玉,3階建て,19,ALC,普通,なし,2,,2017
id170,4415,8,83,61,20,埼玉,3階建て,11,,普通,なし,1,普通,2016
id171,7207,13,92,68,11,東京23区,3階建て,24,サイディング,良い,あり,2,,2019
id172,10379,18,145,91,7,東京23区,3階建て,35,,とても良い,あり,2,,2016
id173,6822,8,100,112,7,東京23区,2階建て,23,,普通,あり,2,普通,2017
id174,4712,8,113,138,5,千葉,2階建て,24,,良い,なし,2,良い,2019
id175,5000,3,62,61,12,東京23区,3階建て,23,タイル,良い,あり,2,良い,2019
id176,7831,7,96,78,10,東京23区,3階建て,27,タイル,良い,あり,2,良い,2017
id177,3378,,81,71,20,埼玉,3階建て,9,サイディング,普通,なし,1,普通,2017
id178,4775,,98,77,19,埼玉,3階建て,14,,普通,なし,1,普通,2017
id179,5147,12,87,97,11,埼玉,2階建て,20,サイディング,普通,あり,1,,2016
id180,5876,6,62,92,5,埼玉,2階建て,8,,普通,あり,2,,2016
id181,5231,6,114,118,8,千葉,2階建て,12,サイディング,普通,なし,1,普通,2016
id182,8492,,167,172,7,東京都下,2階建て,22,,普通,なし,2,良い,2018
id183,4860,4,79,88,17,埼玉,2階建て,17,サイディング,普通,なし,1,,2016
id184,5219,8,137,144,8,千葉,2階建て,14,,普通,なし,1,,2018
id185,8851,7,74,78,7,東京23区,2階建て,22,,良い,あり,2,良い,2019
id186,6884,9,117,126,7,東京都下,2階建て,16,,良い,なし,1,普通,2017
id187,5701,9,158,89,12,神奈川,3階建て,15,,普通,なし,1,普通,2016
id188,7238,15,98,63,19,東京都下,3階建て,3,サイディング,普通,なし,1,,2016
id189,5951,9,184,208,8,千葉,2階建て,25,サイディング,普通,あり,3,,2019
id190,5001,12,135,143,7,千葉,2階建て,25,,良い,なし,2,良い,2016
id191,3277,,79,107,11,千葉,2階建て,17,サイディング,普通,なし,1,普通,2017
id192,3244,,123,78,20,千葉,3階建て,8,,普通,あり,1,普通,2018
id193,9695,9,124,72,4,東京23区,3階建て,35,,良い,あり,2,とても良い,2019
id194,5828,,77,84,9,埼玉,2階建て,20,,普通,なし,2,良い,2016
id195,4272,5,80,76,18,埼玉,3階建て,19,サイディング,普通,あり,1,普通,2016
id196,4883,6,96,121,7,千葉,2階建て,21,サイディング,普通,あり,1,,2019
id197,9287,9,99,124,12,東京23区,2階建て,23,,良い,あり,2,,2018
id198,8846,11,163,178,5,東京23区,2階建て,33,タイル,普通,あり,3,良い,2016
id199,13970,10,121,136,9,東京23区,2階建て,18,,良い,あり,2,良い,2019
id200,4588,9,104,109,5,千葉,2階建て,21,,良い,あり,2,,2017
id201,6481,11,114,118,15,千葉,3階建て,2,サイディング,普通,あり,1,,2019
id202,3189,5,91,94,21,千葉,2階建て,8,サイディング,普通,なし,1,普通,2017
id203,4817,3,108,64,5,東京都下,3階建て,30,サイディング,良い,あり,1,良い,2019
id204,5252,8,116,68,11,埼玉,3階建て,19,,普通,なし,1,普通,2019
id205,6528,7,82,74,16,埼玉,3階建て,5,サイディング,普通,なし,1,普通,2017
id206,6968,9,107,67,7,東京23区,3階建て,26,,良い,あり,2,良い,2017
id207,6394,6,82,71,11,東京23区,3階建て,22,タイル,良い,あり,2,良い,2016
id208,7671,6,90,101,7,埼玉,2階建て,17,,普通,なし,2,普通,2018
id209,9372,,147,163,7,神奈川,2階建て,13,サイディング,普通,あり,2,,2018
id210,8275,21,142,181,9,神奈川,3階建て,31,タイル,良い,あり,2,,2019
id211,6415,7,91,76,11,東京都下,3階建て,25,,良い,あり,2,良い,2016
id212,5496,7,124,72,14,埼玉,3階建て,19,,普通,なし,1,普通,2016
id213,6766,9,142,146,9,神奈川,2階建て,26,サイディング,良い,あり,2,良い,2018
id214,2893,6,104,79,20,千葉,3階建て,10,サイディング,普通,なし,1,普通,2016
id215,4127,,85,73,17,埼玉,3階建て,4,,普通,なし,2,普通,2017
id216,5200,6,88,74,6,東京23区,3階建て,34,,とても良い,あり,2,,2019
id217,3703,4,61,68,15,神奈川,2階建て,6,サイディング,普通,なし,1,,2019
id218,5097,7,64,68,11,埼玉,2階建て,18,サイディング,普通,なし,1,普通,2016
id219,5371,,128,74,18,埼玉,3階建て,19,,普通,なし,1,普通,2018
id220,12241,6,204,211,3,東京23区,2階建て,32,,とても良い,あり,2,とても良い,2019
id221,5469,12,84,97,11,埼玉,2階建て,16,サイディング,普通,あり,1,,2017
id222,6823,11,112,66,14,東京都下,3階建て,18,,良い,あり,2,,2019
id223,5532,4,82,90,15,神奈川,3階建て,9,サイディング,普通,なし,1,,2019
id224,5690,,75,94,19,埼玉,2階建て,16,サイディング,普通,あり,1,,2016
id225,3975,2,62,79,18,東京都下,2階建て,19,,普通,なし,1,,2018
id226,7423,,188,208,8,東京都下,2階建て,16,,普通,なし,2,,2017
id227,2346,6,107,117,12,千葉,2階建て,55,サイディング,普通,なし,1,,2018
id228,6347,8,78,69,13,埼玉,3階建て,4,,普通,なし,1,,2018
id229,13113,8,171,183,8,東京23区,2階建て,7,サイディング,普通,なし,2,普通,2017
id230,3656,5,107,117,21,千葉,3階建て,20,,普通,なし,1,普通,2017
id231,6155,7,82,86,7,東京都下,2階建て,21,,良い,あり,2,良い,2017
id232,6831,10,111,153,6,埼玉,2階建て,29,サイディング,良い,あり,2,良い,2017
id233,4975,15,114,67,9,神奈川,3階建て,32,タイル,良い,あり,1,とても良い,2018
id234,7016,6,81,96,9,埼玉,2階建て,17,,普通,あり,2,普通,2019
id235,4938,5,61,66,12,埼玉,2階建て,13,サイディング,普通,なし,2,,2018
id236,9417,8,92,125,5,東京都下,2階建て,3,,良い,あり,2,,2016
id237,2595,6,90,107,21,千葉,2階建て,16,,普通,なし,1,普通,2018
id238,10461,,131,157,7,東京23区,2階建て,20,,良い,あり,2,,2016
id239,4105,5,84,89,11,千葉,2階建て,15,,普通,あり,1,,2016
id240,8562,7,122,129,6,埼玉,2階建て,16,,普通,あり,2,良い,2017
id241,3867,,83,72,19,埼玉,3階建て,15,,普通,なし,1,普通,2016
id242,4602,,74,64,21,埼玉,3階建て,3,サイディング,普通,なし,1,,2019
id243,4722,6,72,69,19,東京都下,3階建て,14,サイディング,普通,なし,1,,2016
id244,8843,7,81,85,8,東京23区,2階建て,24,タイル,良い,あり,2,良い,2018
id245,6390,4,150,97,13,東京都下,3階建て,26,,良い,あり,1,とても良い,2016
id246,5433,7,88,78,12,東京都下,3階建て,24,,良い,あり,2,良い,2018
id247,7635,9,121,129,2,東京23区,2階建て,30,,良い,なし,2,良い,2019
id248,8603,,104,116,8,埼玉,2階建て,5,,普通,なし,2,普通,2019
id249,6672,6,156,160,6,神奈川,2階建て,17,,普通,あり,2,普通,2016
id250,9453,11,142,146,7,東京23区,2階建て,24,,良い,あり,2,良い,2016
id251,2375,7,96,78,13,千葉,3階建て,12,サイディング,普通,なし,1,普通,2016
id252,5613,14,78,91,11,埼玉,2階建て,19,,普通,なし,1,,2019
id253,8754,9,124,234,4,神奈川,2階建て,20,サイディング,普通,なし,2,,2017
id254,5952,7,85,73,16,埼玉,3階建て,12,サイディング,普通,あり,1,,2019
id255,6940,14,71,82,12,東京23区,2階建て,21,,普通,あり,2,,2017
id256,8419,,166,93,7,東京都下,3階建て,19,タイル,良い,なし,2,,2019
id257,5025,7,90,75,14,埼玉,3階建て,19,,普通,なし,1,普通,2018
id258,4319,6,107,117,11,千葉,2階建て,24,サイディング,普通,なし,1,普通,2016
id259,5807,,128,132,9,千葉,2階建て,24,,良い,なし,2,良い,2016
id260,4534,8,86,73,19,埼玉,3階建て,10,サイディング,普通,あり,1,普通,2018
id261,6326,13,115,71,10,神奈川,3階建て,19,サイディング,普通,なし,2,,2018
id262,2942,2,60,70,18,東京都下,2階建て,20,,普通,なし,1,,2019
id263,5951,2,81,87,11,東京都下,2階建て,15,,普通,あり,1,普通,2016
id264,6932,10,108,116,10,埼玉,2階建て,16,サイディング,普通,あり,2,,2016
id265,3177,2,61,71,21,神奈川,2階建て,6,サイディング,普通,なし,1,,2017
id266,4082,14,61,74,15,千葉,2階建て,17,サイディング,普通,なし,1,普通,2016
id267,4067,5,60,75,19,埼玉,2階建て,20,サイディング,良い,なし,1,,2017
id268,4130,7,124,128,14,千葉,2階建て,19,,普通,なし,1,,2019
id269,13272,11,154,87,6,東京23区,3階建て,39,タイル,とても良い,あり,2,とても良い,2017
id270,7009,14,62,66,8,埼玉,2階建て,11,サイディング,普通,なし,2,普通,2019
id271,4761,7,99,60,8,千葉,3階建て,20,サイディング,普通,なし,1,普通,2018
id272,6001,,112,138,4,埼玉,2階建て,22,,良い,なし,2,,2016
id273,3994,5,86,103,11,千葉,2階建て,17,,普通,なし,2,,2016
id274,5653,5,60,69,14,千葉,2階建て,1,,普通,あり,1,,2017
id275,3767,7,128,132,20,千葉,3階建て,17,,普通,あり,1,,2019
id276,10484,6,108,97,8,東京23区,3階建て,21,サイディング,普通,なし,2,良い,2019
id277,6688,,93,99,5,神奈川,2階建て,18,,良い,あり,2,普通,2016
id278,6761,8,90,114,7,神奈川,2階建て,28,サイディング,良い,あり,2,,2017
id279,5840,8,96,78,13,東京都下,3階建て,24,,普通,なし,1,,2017
id280,12091,,132,91,6,東京23区,3階建て,6,サイディング,普通,あり,1,良い,2016
id281,4204,,70,75,14,埼玉,2階建て,13,ALC,普通,なし,1,,2017
id282,9183,8,80,88,7,東京23区,2階建て,28,タイル,良い,あり,2,,2019
id283,4922,14,72,81,15,神奈川,2階建て,25,サイディング,良い,あり,1,良い,2016
id284,2257,6,83,74,20,埼玉,3階建て,11,サイディング,普通,なし,1,普通,2016
id285,4984,6,84,72,17,東京都下,3階建て,11,,普通,なし,2,普通,2016
id286,5766,,61,65,10,埼玉,3階建て,24,,良い,あり,2,良い,2017
id287,7576,8,95,107,11,埼玉,2階建て,5,タイル,普通,あり,1,良い,2019
id288,8405,10,114,67,12,東京23区,3階建て,28,タイル,良い,あり,2,良い,2018
id289,7543,8,93,104,8,東京都下,2階建て,18,,良い,あり,2,良い,2019
id290,6733,9,120,130,7,東京都下,2階建て,22,サイディング,普通,なし,2,普通,2016
id291,5001,4,128,132,16,千葉,2階建て,20,,普通,あり,1,,2018
id292,13799,11,90,87,4,東京23区,3階建て,27,,良い,あり,2,,2016
id293,6534,4,161,124,11,神奈川,3階建て,30,サイディング,良い,あり,2,,2016
id294,5008,8,85,77,18,埼玉,3階建て,15,サイディング,普通,なし,1,,2018
id295,9865,8,131,83,11,東京都下,3階建て,6,,普通,あり,2,,2017
id296,7349,8,106,74,5,東京都下,3階建て,28,タイル,良い,あり,2,,2018
id297,3715,5,90,85,15,千葉,3階建て,8,ALC,普通,なし,1,,2017
id298,5135,10,90,90,4,東京23区,3階建て,35,,良い,あり,2,,2018
id299,6979,7,118,82,9,東京23区,3階建て,33,,良い,あり,2,,2019
id300,4810,5,128,132,5,千葉,2階建て,25,,良い,あり,1,,2016
id301,5368,,78,69,17,埼玉,3階建て,13,,普通,なし,1,,2018
id302,7385,7,122,73,9,東京都下,3階建て,11,,普通,なし,2,,2016
id303,3151,2,60,66,22,神奈川,2階建て,8,,普通,なし,1,良い,2016
id304,4893,,92,90,12,神奈川,2階建て,11,,普通,なし,1,,2019
id305,5315,8,95,108,8,埼玉,2階建て,17,,普通,なし,1,,2018
id306,6939,7,119,120,13,埼玉,3階建て,7,,普通,なし,1,普通,2018
id307,10573,,127,102,4,東京23区,3階建て,27,サイディング,良い,あり,2,良い,2017
id308,5088,7,78,69,19,埼玉,3階建て,14,,普通,あり,1,,2017
id309,5012,7,75,68,19,埼玉,3階建て,11,サイディング,普通,なし,1,,2018
id310,5373,7,92,176,14,千葉,3階建て,14,サイディング,普通,あり,1,普通,2017
id311,4844,6,76,90,7,千葉,2階建て,15,,普通,なし,2,普通,2017
id312,5435,6,96,108,11,神奈川,2階建て,22,サイディング,普通,あり,2,良い,2016
id313,4685,8,96,62,17,埼玉,3階建て,14,,普通,あり,1,普通,2016
id314,8168,8,146,83,11,埼玉,3階建て,3,ALC,良い,あり,1,,2018
id315,6500,4,68,64,11,東京23区,3階建て,23,タイル,良い,あり,2,,2016
id316,4418,7,91,61,20,埼玉,3階建て,15,,普通,なし,1,普通,2018
id317,3505,6,106,124,21,神奈川,2階建て,12,サイディング,普通,なし,1,普通,2017
id318,9881,9,122,71,8,東京23区,3階建て,36,,とても良い,あり,2,とても良い,2016
id319,6414,,104,115,5,東京都下,2階建て,16,,普通,なし,2,,2019
id320,9150,8,102,114,9,東京23区,2階建て,25,,良い,あり,2,,2017
id321,8242,,95,146,4,東京都下,2階建て,16,サイディング,普通,あり,2,普通,2017
id322,5540,9,120,84,13,埼玉,3階建て,20,サイディング,普通,あり,1,普通,2019
id323,4781,13,201,406,5,千葉,2階建て,37,タイル,とても良い,あり,3,とても良い,2017
id324,5677,6,75,74,13,東京23区,3階建て,24,サイディング,良い,あり,2,良い,2016
id325,5513,7,133,77,19,埼玉,3階建て,11,サイディング,普通,なし,1,普通,2019
id326,15214,7,149,153,7,東京23区,2階建て,23,タイル,とても良い,あり,2,,2016
id327,3282,6,91,76,21,千葉,3階建て,10,サイディング,普通,あり,1,,2018
id328,7397,,127,174,6,神奈川,3階建て,20,,良い,なし,3,普通,2018
id329,6670,9,102,109,9,神奈川,2階建て,18,,良い,あり,2,良い,2016
id330,4575,6,62,71,11,埼玉,2階建て,16,サイディング,普通,あり,2,普通,2016
id331,3513,6,72,70,20,埼玉,3階建て,15,サイディング,普通,あり,1,,2016
id332,1733,5,60,60,22,埼玉,3階建て,1,サイディング,普通,なし,1,,2017
id333,5467,7,91,100,10,埼玉,2階建て,28,,良い,あり,2,良い,2017
id334,5854,,116,75,15,埼玉,3階建て,15,,普通,なし,1,普通,2016
id335,6204,,114,74,9,東京都下,3階建て,27,,良い,あり,2,良い,2016
id336,8362,9,146,83,3,東京23区,3階建て,34,,とても良い,あり,2,とても良い,2017
id337,6388,8,101,64,9,東京都下,3階建て,25,サイディング,良い,あり,2,,2016
id338,7740,,138,165,4,東京都下,2階建て,24,,良い,なし,2,,2016
id339,8860,7,87,99,9,東京23区,2階建て,9,サイディング,普通,あり,1,,2016
id340,9150,8,94,101,9,東京23区,2階建て,21,サイディング,良い,あり,2,,2016
id341,4867,14,60,70,16,神奈川,3階建て,19,サイディング,普通,なし,2,普通,2017
id342,3942,5,128,122,19,千葉,3階建て,14,,普通,なし,1,,2016
id343,4649,7,108,109,15,千葉,3階建て,7,サイディング,普通,あり,2,,2016
id344,9802,9,106,112,4,東京23区,2階建て,25,,良い,あり,2,良い,2019
id345,4404,6,64,79,17,埼玉,2階建て,13,サイディング,普通,なし,1,普通,2017
id346,5412,7,149,87,16,埼玉,3階建て,14,,普通,なし,1,普通,2018
id347,4320,6,110,122,12,千葉,2階建て,10,,普通,なし,1,普通,2016
id348,6137,6,119,225,10,埼玉,2階建て,22,,普通,あり,2,,2018
id349,7366,,120,164,8,神奈川,3階建て,25,,良い,あり,2,,2018
id350,4502,,113,67,11,埼玉,3階建て,15,,普通,なし,1,,2016
id351,6653,8,100,64,11,神奈川,3階建て,14,サイディング,普通,なし,1,,2018
id352,4292,6,139,86,17,千葉,3階建て,13,サイディング,普通,あり,1,普通,2018
id353,7652,7,118,223,6,千葉,2階建て,16,,普通,あり,2,,2019
id354,4748,7,119,118,12,埼玉,2階建て,18,サイディング,普通,なし,1,,2016
id355,7114,15,102,61,11,東京23区,3階建て,25,,良い,あり,2,良い,2017
id356,8820,8,123,129,3,東京23区,2階建て,29,サイディング,良い,あり,1,良い,2016
id357,5382,,100,107,18,埼玉,2階建て,12,サイディング,普通,なし,1,普通,2016
id358,6898,7,131,87,5,埼玉,3階建て,5,,普通,なし,2,普通,2018
id359,4055,6,73,67,20,埼玉,3階建て,19,,普通,あり,1,,2019
id360,7562,8,132,136,6,神奈川,2階建て,25,サイディング,普通,なし,2,,2016
id361,5561,8,100,109,10,神奈川,2階建て,25,サイディング,普通,あり,2,普通,2019
id362,5587,7,105,119,16,埼玉,2階建て,11,,普通,なし,1,普通,2018
id363,4762,8,85,103,14,埼玉,2階建て,11,サイディング,普通,なし,1,,2017
id364,4617,3,61,115,11,埼玉,2階建て,21,サイディング,良い,あり,2,,2016
id365,6954,10,127,74,5,東京23区,3階建て,29,,とても良い,あり,2,とても良い,2016
id366,8305,8,135,147,8,東京23区,2階建て,37,,とても良い,なし,2,,2018
id367,5413,5,61,94,8,埼玉,2階建て,10,,普通,あり,1,,2018
id368,5586,9,114,67,7,神奈川,3階建て,28,,良い,あり,2,良い,2019
id369,10648,22,135,152,8,東京23区,2階建て,39,タイル,とても良い,あり,2,とても良い,2016
id370,4223,9,80,66,19,東京都下,3階建て,14,サイディング,普通,なし,1,普通,2018
id371,5014,7,113,68,9,神奈川,3階建て,29,,良い,あり,2,良い,2018
id372,4219,6,60,65,11,千葉,2階建て,19,サイディング,普通,あり,1,,2018
id373,5947,5,129,160,11,埼玉,3階建て,24,,良い,あり,1,,2017
id374,8938,8,130,81,9,神奈川,3階建て,14,,普通,あり,2,良い,2018
id375,5321,2,61,86,8,千葉,2階建て,18,サイディング,普通,なし,2,普通,2017
id376,7833,7,109,135,9,東京23区,2階建て,30,,良い,あり,2,,2018
id377,6034,8,100,111,7,神奈川,2階建て,30,サイディング,良い,あり,2,,2016
id378,4888,3,62,68,14,埼玉,2階建て,22,サイディング,良い,あり,2,良い,2016
id379,8482,17,128,74,9,東京都下,3階建て,21,,良い,あり,2,良い,2019
id380,6063,8,125,73,17,東京都下,3階建て,14,,普通,なし,1,,2018
id381,9352,8,118,124,9,神奈川,2階建て,12,サイディング,普通,あり,1,,2016
id382,6616,8,122,145,7,神奈川,2階建て,29,サイディング,普通,なし,2,,2018
id383,5102,6,79,70,17,埼玉,3階建て,7,ALC,普通,なし,1,,2017
id384,5644,,111,127,3,東京都下,2階建て,33,,良い,あり,2,とても良い,2017
id385,5454,,104,114,17,東京都下,2階建て,19,,普通,なし,2,普通,2018
id386,8046,,119,129,6,東京都下,2階建て,27,,良い,あり,2,とても良い,2019
id387,5843,7,84,72,15,埼玉,3階建て,13,サイディング,普通,あり,1,普通,2018
id388,2712,2,81,88,20,神奈川,2階建て,8,サイディング,普通,あり,1,普通,2016
id389,4797,8,88,95,16,埼玉,2階建て,20,,普通,あり,1,良い,2018
id390,3612,6,72,79,20,埼玉,2階建て,17,サイディング,普通,なし,1,良い,2018
id391,6377,9,122,150,8,神奈川,2階建て,30,タイル,良い,あり,2,,2016
id392,2640,5,82,71,20,千葉,3階建て,5,サイディング,普通,なし,1,,2017
id393,9110,9,108,116,5,東京都下,2階建て,19,サイディング,普通,なし,2,普通,2018
id394,5539,9,100,60,15,埼玉,3階建て,18,,普通,なし,1,普通,2016
id395,5715,12,96,102,9,埼玉,2階建て,20,,普通,あり,1,普通,2019
id396,6913,7,116,124,8,埼玉,2階建て,5,,普通,なし,1,,2019
id397,5833,8,90,108,11,埼玉,2階建て,18,,普通,なし,1,,2016
id398,6575,8,93,77,16,埼玉,3階建て,4,サイディング,普通,なし,1,普通,2018
id399,7659,6,109,127,7,埼玉,2階建て,16,サイディング,普通,あり,2,普通,2016
id400,8062,5,133,170,8,埼玉,3階建て,27,サイディング,良い,あり,2,,2016
id401,8838,6,127,105,9,東京23区,3階建て,28,,とても良い,あり,1,,2018
id402,6415,8,108,115,11,東京都下,2階建て,11,,普通,あり,2,普通,2016
id403,5142,,105,63,18,埼玉,3階建て,17,サイディング,普通,なし,1,普通,2016
id404,5081,9,105,63,16,千葉,3階建て,18,タイル,普通,あり,1,普通,2019
id405,4112,2,81,81,21,神奈川,2階建て,7,サイディング,普通,なし,1,,2016
id406,4371,14,81,88,6,神奈川,2階建て,25,,良い,あり,2,,2016
id407,4764,6,91,101,12,千葉,2階建て,8,サイディング,普通,なし,1,普通,2016
id408,4787,6,103,110,10,千葉,2階建て,19,サイディング,普通,あり,1,,2018
id409,11863,9,104,62,3,東京23区,3階建て,26,,良い,あり,2,,2017
id410,5547,7,100,90,15,埼玉,3階建て,15,,良い,あり,1,良い,2018
id411,5487,6,72,89,7,神奈川,2階建て,22,サイディング,普通,なし,1,普通,2018
id412,3766,8,99,67,15,千葉,3階建て,13,サイディング,普通,あり,1,普通,2017
id413,7031,,124,132,15,東京都下,2階建て,23,,普通,なし,2,普通,2019
id414,11477,5,106,111,9,東京23区,2階建て,29,,良い,あり,2,,2019
id415,4253,20,136,105,11,埼玉,3階建て,16,,普通,なし,1,,2018
id416,5893,9,100,121,14,千葉,2階建て,8,,普通,なし,2,,2018
id417,6407,5,109,141,9,埼玉,3階建て,27,サイディング,良い,あり,1,,2019
id418,5932,11,112,120,4,埼玉,2階建て,28,,良い,あり,2,良い,2018
id419,5039,,115,200,9,埼玉,2階建て,16,ALC,普通,なし,2,普通,2017
id420,8606,6,86,95,15,東京都下,2階建て,5,,良い,あり,2,良い,2018
id421,7697,17,144,82,8,神奈川,3階建て,18,,普通,あり,2,良い,2016
id422,3745,6,96,104,6,千葉,2階建て,9,サイディング,普通,なし,2,普通,2016
id423,3824,5,90,75,21,千葉,3階建て,12,,良い,あり,1,良い,2019
id424,4933,,99,60,18,埼玉,3階建て,14,,普通,なし,1,,2016
id425,6525,6,62,72,9,埼玉,2階建て,13,サイディング,普通,あり,1,,2018
id426,6134,,61,71,12,東京23区,3階建て,19,サイディング,普通,あり,1,良い,2016
id427,5113,9,112,72,6,東京都下,3階建て,33,タイル,良い,あり,2,良い,2017
id428,7723,8,102,110,9,東京都下,2階建て,25,サイディング,良い,あり,2,良い,2018
id429,4999,,62,69,16,埼玉,2階建て,24,,良い,あり,2,,2018
id430,7525,6,76,73,11,東京23区,3階建て,17,タイル,良い,あり,2,,2019
id431,4387,,62,64,20,東京都下,3階建て,20,,良い,あり,1,良い,2017
id432,19926,10,215,223,8,東京23区,2階建て,36,,とても良い,あり,3,とても良い,2019
id433,11286,4,262,266,9,神奈川,2階建て,21,,良い,あり,2,良い,2017
id434,4857,6,60,60,16,千葉,3階建て,7,サイディング,普通,あり,1,普通,2019
id435,5610,5,61,83,8,埼玉,2階建て,13,,普通,なし,1,普通,2017
id436,5928,5,138,95,15,神奈川,3階建て,19,,普通,なし,2,良い,2018
id437,5698,7,85,60,19,埼玉,3階建て,12,サイディング,普通,あり,1,普通,2019
id438,6060,6,61,61,11,埼玉,3階建て,23,サイディング,良い,あり,2,,2019
id439,5923,9,143,92,4,神奈川,3階建て,28,,良い,あり,2,,2017
id440,4667,8,96,78,15,東京都下,3階建て,25,,普通,なし,1,普通,2019
id441,7234,8,124,136,9,神奈川,2階建て,26,,とても良い,あり,2,とても良い,2017
id442,4653,8,76,85,11,千葉,2階建て,15,サイディング,普通,なし,2,良い,2019
id443,6481,7,84,77,9,東京都下,3階建て,22,,良い,あり,2,,2017
id444,2156,7,62,76,16,千葉,2階建て,10,サイディング,普通,なし,2,,2016
id445,10552,,151,188,4,東京23区,3階建て,24,タイル,普通,なし,2,,2016
id446,7228,5,62,61,12,東京23区,3階建て,27,,良い,あり,2,,2016
id447,5580,7,90,149,10,埼玉,2階建て,25,サイディング,良い,あり,2,良い,2016
id448,4602,7,87,122,14,千葉,2階建て,7,サイディング,普通,なし,1,普通,2017
id449,2909,4,60,90,14,神奈川,3階建て,30,サイディング,良い,なし,2,,2016
id450,5775,6,99,75,18,埼玉,3階建て,7,,普通,なし,1,,2017
id451,6659,8,101,63,11,東京都下,3階建て,12,,普通,なし,2,普通,2019
id452,11894,10,105,111,6,東京23区,2階建て,22,,良い,あり,2,良い,2016
id453,6670,,116,123,5,神奈川,3階建て,26,サイディング,良い,なし,2,良い,2017
id454,4502,,61,61,20,東京都下,3階建て,18,,良い,あり,1,良い,2016
id455,4922,7,81,77,20,埼玉,3階建て,7,,普通,あり,1,,2016
id456,6010,6,82,90,9,千葉,2階建て,10,サイディング,普通,あり,2,,2019
id457,4916,9,133,77,8,千葉,3階建て,31,タイル,とても良い,あり,2,,2018
id458,8476,,217,121,6,神奈川,3階建て,19,,良い,あり,2,,2019
id459,7197,6,73,69,13,東京都下,3階建て,21,タイル,良い,あり,2,,2018
id460,4642,9,115,83,4,埼玉,3階建て,11,,普通,なし,2,,2017
id461,4315,5,62,76,14,千葉,2階建て,6,サイディング,普通,なし,1,普通,2016
id462,7511,4,160,160,7,神奈川,3階建て,28,サイディング,良い,あり,2,良い,2019
id463,7822,8,114,119,9,東京都下,2階建て,24,,良い,あり,2,,2017
id464,5223,8,100,72,15,埼玉,3階建て,13,サイディング,普通,あり,1,,2018
id465,4309,,90,75,18,埼玉,3階建て,14,サイディング,普通,なし,1,普通,2019
id466,8716,7,105,111,8,東京都下,2階建て,22,サイディング,良い,あり,2,,2017
id467,5199,7,98,114,19,埼玉,3階建て,17,サイディング,普通,なし,1,,2017
id468,7198,7,129,153,10,埼玉,2階建て,12,サイディング,普通,あり,2,普通,2018
id469,5437,4,122,111,12,神奈川,3階建て,26,サイディング,良い,なし,2,良い,2017
id470,7407,,90,104,7,東京都下,2階建て,28,,とても良い,あり,1,,2017
id471,5749,7,117,126,7,千葉,2階建て,25,サイディング,良い,なし,1,,2019
id472,8819,6,106,68,9,東京23区,3階建て,25,,良い,あり,2,良い,2018
id473,4397,5,84,95,9,千葉,2階建て,6,サイディング,普通,なし,2,,2016
id474,5424,,78,128,12,埼玉,2階建て,23,,良い,あり,2,,2017
id475,8179,8,92,61,9,東京都下,3階建て,17,,普通,あり,2,良い,2017
id476,9169,8,102,117,3,東京23区,2階建て,26,,良い,なし,2,とても良い,2018
id477,5442,6,109,120,17,埼玉,3階建て,20,サイディング,普通,なし,1,,2017
id478,5701,7,108,118,5,東京都下,2階建て,30,サイディング,良い,あり,2,,2016
id479,6063,,116,132,11,埼玉,2階建て,18,ALC,普通,なし,2,普通,2019
id480,6020,2,121,171,9,埼玉,2階建て,21,,普通,なし,2,,2016
id481,10932,7,123,138,4,東京23区,2階建て,22,,良い,あり,2,,2019
id482,3688,6,69,77,12,埼玉,3階建て,14,サイディング,普通,なし,1,普通,2016
id483,7499,7,86,93,8,東京都下,2階建て,23,サイディング,普通,あり,2,良い,2018
id484,9588,8,94,107,2,東京23区,2階建て,30,,良い,あり,2,良い,2018
id485,5835,3,95,78,9,東京都下,3階建て,27,サイディング,良い,あり,1,とても良い,2016
id486,6360,8,104,114,8,東京都下,2階建て,25,,普通,なし,2,普通,2016
id487,6617,8,125,133,9,埼玉,2階建て,16,サイディング,普通,あり,2,,2019
id488,7884,7,91,76,9,東京都下,3階建て,22,サイディング,良い,あり,2,,2018
id489,8976,5,115,143,4,神奈川,2階建て,27,,とても良い,あり,3,とても良い,2017
id490,4858,7,89,79,14,千葉,3階建て,6,サイディング,普通,なし,1,,2019
id491,5637,7,102,67,19,埼玉,3階建て,3,サイディング,普通,あり,1,,2019
id492,13640,11,142,81,4,東京23区,3階建て,26,,良い,なし,2,,2018
id493,7937,9,112,66,9,東京都下,3階建て,24,,良い,あり,2,,2019
id494,5256,10,134,89,19,埼玉,3階建て,14,サイディング,普通,なし,1,,2016
id495,4787,8,105,118,17,埼玉,2階建て,19,,普通,なし,1,普通,2016
id496,4735,7,72,110,7,千葉,2階建て,19,サイディング,良い,あり,2,良い,2018
id497,6937,,91,96,15,埼玉,2階建て,12,,普通,あり,1,良い,2019
id498,3643,4,89,79,9,千葉,2階建て,19,,普通,あり,2,普通,2017
id499,5854,,98,64,12,東京都下,3階建て,20,,普通,なし,2,,2019
id500,5492,6,108,116,6,千葉,2階建て,14,,普通,なし,2,,2016
id501,5335,8,101,127,4,千葉,2階建て,23,,良い,あり,2,,2016
id502,4552,15,60,62,19,千葉,3階建て,7,サイディング,普通,あり,1,,2016
id503,7755,,122,126,9,東京23区,2階建て,16,,普通,なし,2,,2019
id504,6403,4,60,73,15,埼玉,3階建て,11,,良い,あり,2,良い,2019
id505,5354,,113,125,16,埼玉,2階建て,16,サイディング,普通,なし,1,普通,2016
id506,6482,8,92,161,9,神奈川,3階建て,29,タイル,良い,あり,2,良い,2017
id507,7056,,108,115,9,埼玉,2階建て,21,サイディング,良い,あり,2,良い,2018
id508,4836,7,84,90,8,千葉,2階建て,17,,普通,なし,2,,2019
id509,3935,6,77,69,21,埼玉,3階建て,13,,普通,なし,1,,2017
id510,6808,6,72,84,8,埼玉,2階建て,15,,普通,あり,1,良い,2016
id511,4764,4,101,127,14,千葉,3階建て,7,,普通,あり,1,普通,2018
id512,6231,6,82,92,10,東京都下,2階建て,25,,良い,あり,2,,2018
id513,14850,11,139,180,4,東京23区,2階建て,34,タイル,とても良い,あり,2,,2019
id514,5121,8,98,108,18,埼玉,2階建て,15,サイディング,普通,なし,2,普通,2017
id515,9837,23,114,218,11,埼玉,2階建て,12,サイディング,普通,あり,1,良い,2019
id516,6888,8,101,111,12,東京都下,3階建て,17,,普通,なし,1,良い,2019
id517,2304,7,87,77,17,千葉,3階建て,12,サイディング,普通,なし,1,普通,2018
id518,4277,5,101,127,13,千葉,2階建て,12,サイディング,普通,なし,1,,2017
id519,7275,5,121,126,11,東京都下,3階建て,22,,普通,あり,2,,2016
id520,6485,,114,71,17,埼玉,3階建て,3,サイディング,普通,なし,1,普通,2016
id521,7707,,133,81,6,東京23区,3階建て,29,,良い,あり,2,良い,2016
id522,7986,4,64,65,11,東京23区,3階建て,21,タイル,良い,あり,2,良い,2019
id523,6318,7,72,84,7,東京都下,2階建て,24,,良い,あり,2,良い,2017
id524,4101,6,101,127,18,千葉,3階建て,6,サイディング,普通,なし,1,,2016
id525,9451,11,148,84,4,東京23区,3階建て,37,,とても良い,あり,2,,2018
id526,3651,5,61,83,21,埼玉,2階建て,13,サイディング,普通,なし,1,,2018
id527,7456,,97,92,3,東京23区,2階建て,14,サイディング,普通,なし,2,,2017
id528,4538,3,60,83,14,埼玉,2階建て,25,サイディング,良い,あり,2,,2016
id529,5791,8,119,70,11,埼玉,3階建て,20,,普通,なし,1,,2017
id530,4937,3,60,66,14,埼玉,2階建て,22,サイディング,普通,あり,2,良い,2018
id531,7295,10,100,232,11,埼玉,3階建て,10,,普通,なし,1,普通,2018
id532,5870,6,96,78,16,埼玉,3階建て,6,サイディング,普通,なし,2,,2019
id533,6283,9,81,71,12,神奈川,3階建て,13,サイディング,普通,なし,1,,2017
id534,3411,2,60,68,18,東京都下,2階建て,17,,普通,なし,1,普通,2016
id535,5787,8,95,65,16,東京都下,3階建て,11,サイディング,普通,あり,1,良い,2016
id536,5576,,122,141,12,埼玉,2階建て,16,サイディング,普通,なし,2,普通,2019
id537,6646,6,104,109,14,千葉,2階建て,11,サイディング,普通,なし,2,,2018
id538,6550,8,128,134,15,埼玉,2階建て,18,,普通,なし,1,,2018
id539,5861,12,80,77,8,埼玉,3階建て,12,サイディング,普通,あり,2,普通,2018
id540,7506,10,127,132,10,神奈川,2階建て,5,サイディング,普通,なし,1,普通,2019
id541,7596,8,93,113,9,神奈川,2階建て,22,,良い,あり,2,良い,2018
id542,4314,4,155,129,20,東京都下,3階建て,15,サイディング,普通,あり,1,普通,2018
id543,6897,8,96,113,9,東京都下,2階建て,20,,良い,あり,2,,2018
id544,7231,10,179,100,8,埼玉,3階建て,13,サイディング,普通,なし,1,,2019
id545,4951,,69,68,17,埼玉,3階建て,13,サイディング,普通,あり,1,普通,2017
id546,5469,,110,116,17,東京都下,2階建て,16,,普通,なし,1,,2018
id547,6931,7,81,89,9,神奈川,2階建て,16,,普通,なし,2,,2017
id548,5286,8,116,68,17,埼玉,3階建て,11,,普通,あり,1,,2017
id549,3558,8,97,79,16,千葉,3階建て,20,,普通,なし,2,普通,2018
id550,5430,7,79,70,15,埼玉,3階建て,11,,普通,なし,1,普通,2017
id551,6224,,88,77,17,埼玉,3階建て,12,,普通,なし,1,普通,2019
id552,4101,6,66,63,19,埼玉,3階建て,13,サイディング,普通,なし,1,,2016
id553,5174,6,121,71,13,埼玉,3階建て,15,サイディング,良い,なし,1,,2019
id554,2451,5,61,73,15,千葉,2階建て,12,,普通,あり,1,普通,2016
id555,9634,7,88,113,8,東京23区,2階建て,33,タイル,良い,あり,2,とても良い,2019
id556,8324,,96,105,7,埼玉,2階建て,8,,普通,なし,2,普通,2018
id557,5755,6,62,71,6,埼玉,2階建て,6,サイディング,良い,なし,1,普通,2017
id558,3959,7,72,66,19,埼玉,3階建て,12,,普通,なし,1,普通,2017
id559,6119,7,84,73,9,埼玉,3階建て,11,,普通,あり,2,,2017
id560,5406,6,165,175,11,千葉,2階建て,14,,普通,なし,1,,2019
id561,7773,10,159,90,4,神奈川,3階建て,29,サイディング,良い,あり,2,良い,2019
id562,5861,13,122,71,8,埼玉,3階建て,17,,普通,あり,1,普通,2018
id563,4903,6,81,101,19,埼玉,2階建て,14,,普通,あり,1,,2018
id564,5371,7,84,72,16,埼玉,3階建て,19,サイディング,普通,なし,1,,2016
id565,6480,,133,83,11,埼玉,3階建て,15,,普通,なし,1,普通,2019
id566,5649,6,70,84,8,千葉,2階建て,14,サイディング,普通,なし,2,普通,2016
id567,7685,10,129,75,8,東京23区,3階建て,35,タイル,とても良い,あり,2,とても良い,2019
id568,7858,5,149,185,8,埼玉,3階建て,24,,良い,あり,2,良い,2017
id569,5044,,62,61,19,埼玉,3階建て,11,,普通,なし,1,普通,2017
id570,9104,9,115,125,9,神奈川,2階建て,23,サイディング,良い,なし,1,良い,2019
id571,4951,,89,75,19,埼玉,3階建て,15,サイディング,普通,なし,1,,2016
id572,6243,8,116,143,7,埼玉,2階建て,15,,普通,なし,2,,2018
id573,5508,,93,77,13,東京都下,3階建て,14,サイディング,普通,なし,1,,2017
id574,6630,3,110,127,14,埼玉,2階建て,16,タイル,良い,あり,2,,2019
id575,3173,2,61,68,16,神奈川,2階建て,8,,普通,なし,1,普通,2018
id576,7624,14,85,106,5,東京都下,2階建て,17,,良い,あり,2,良い,2017
id577,5838,7,102,111,12,埼玉,3階建て,19,サイディング,良い,あり,2,,2016
id578,7725,8,102,76,7,東京都下,3階建て,19,,普通,なし,2,,2017
id579,9321,9,120,127,9,東京23区,2階建て,27,,良い,あり,2,,2016
id580,6743,,118,169,9,東京都下,3階建て,30,サイディング,良い,あり,2,,2019
id581,4273,7,89,74,10,神奈川,3階建て,29,,良い,あり,2,,2018
id582,4723,7,91,79,19,埼玉,3階建て,11,サイディング,普通,あり,1,,2017
id583,8544,8,117,117,9,東京23区,3階建て,35,タイル,とても良い,あり,2,とても良い,2017
id584,6575,6,85,73,9,東京都下,3階建て,25,,良い,あり,2,,2017
id585,6691,31,98,153,7,埼玉,3階建て,23,サイディング,普通,あり,2,,2016
id586,2969,5,61,70,22,埼玉,3階建て,9,,普通,なし,1,普通,2018
id587,4436,7,101,61,14,千葉,3階建て,23,,良い,あり,2,良い,2017
id588,8285,7,88,133,2,東京都下,2階建て,25,サイディング,良い,あり,2,,2019
id589,9169,,91,97,9,東京23区,2階建て,22,サイディング,普通,あり,2,,2019
id590,7652,,88,108,9,東京23区,2階建て,23,,良い,あり,2,良い,2017
id591,5877,10,109,135,11,埼玉,3階建て,14,サイディング,普通,なし,2,,2019
id592,6866,,144,179,12,神奈川,2階建て,17,,普通,なし,1,,2016
id593,7483,7,82,101,15,埼玉,2階建て,2,,普通,なし,1,普通,2019
id594,7359,9,145,83,11,神奈川,3階建て,28,,良い,あり,2,良い,2019
id595,7154,7,140,150,4,東京都下,2階建て,23,,良い,あり,2,,2019
id596,7491,8,94,77,11,東京都下,3階建て,16,サイディング,普通,なし,1,,2019
id597,3627,12,78,69,18,千葉,3階建て,13,,普通,なし,1,普通,2016
id598,4226,4,94,106,18,千葉,2階建て,20,,普通,なし,2,普通,2018
id599,5617,7,74,71,16,埼玉,3階建て,11,サイディング,普通,なし,1,普通,2019
id600,6310,7,85,73,12,東京都下,3階建て,23,,良い,あり,2,良い,2018
id601,4661,2,61,69,10,埼玉,2階建て,24,サイディング,良い,あり,2,,2016
id602,4716,5,72,60,20,埼玉,3階建て,3,,普通,なし,1,,2016
id603,5772,2,60,74,11,神奈川,2階建て,17,サイディング,普通,なし,2,良い,2019
id604,6328,12,119,77,4,東京都下,3階建て,33,,良い,あり,2,とても良い,2016
id605,7036,7,102,130,12,埼玉,2階建て,16,サイディング,良い,あり,2,良い,2016
id606,6553,24,96,106,12,神奈川,2階建て,14,サイディング,良い,あり,1,普通,2019
id607,5062,8,104,112,16,埼玉,2階建て,19,,普通,なし,1,普通,2018
id608,6310,6,108,112,14,埼玉,2階建て,6,サイディング,普通,なし,1,普通,2019
id609,5888,4,60,77,7,東京23区,2階建て,25,タイル,良い,あり,2,良い,2018
id610,3702,6,79,63,19,千葉,3階建て,16,サイディング,普通,なし,2,,2018
id611,6190,10,116,73,10,埼玉,3階建て,22,,良い,あり,2,,2016
id612,5918,6,114,132,9,埼玉,2階建て,21,サイディング,普通,なし,1,良い,2017
id613,5397,,61,70,11,埼玉,2階建て,22,サイディング,良い,あり,2,良い,2016
id614,5682,4,121,109,13,埼玉,3階建て,12,,良い,あり,1,良い,2016
id615,4400,7,95,78,19,千葉,3階建て,10,サイディング,普通,あり,1,普通,2016
id616,5632,8,88,76,15,埼玉,3階建て,13,,普通,なし,1,,2019
id617,10953,10,122,131,8,東京23区,2階建て,26,,良い,あり,2,,2016
id618,4822,4,60,65,13,埼玉,3階建て,25,,良い,あり,2,良い,2016
id619,7425,,113,121,4,東京都下,2階建て,29,サイディング,良い,あり,2,良い,2018
id620,4986,7,109,74,15,千葉,3階建て,14,,普通,なし,1,普通,2018
id621,4428,6,60,88,7,千葉,2階建て,18,サイディング,普通,なし,1,良い,2018
id622,14523,8,102,66,9,東京23区,3階建て,21,タイル,とても良い,あり,2,とても良い,2016
id623,7233,,120,131,8,東京都下,2階建て,18,,普通,なし,2,良い,2016
id624,6913,7,81,108,8,東京23区,2階建て,23,サイディング,良い,あり,2,良い,2016
id625,11342,8,95,103,8,東京23区,2階建て,26,,良い,あり,2,,2017
id626,4891,12,127,191,9,千葉,2階建て,29,サイディング,良い,なし,1,,2019
id627,7162,8,98,135,9,埼玉,2階建て,16,,普通,なし,2,良い,2016
id628,4925,5,62,66,13,埼玉,2階建て,9,サイディング,普通,なし,1,普通,2017
id629,5530,,107,74,16,埼玉,3階建て,13,サイディング,普通,なし,1,,2018
id630,6882,,117,75,10,東京都下,3階建て,16,,普通,なし,2,,2017
id631,4784,6,98,79,16,千葉,3階建て,1,サイディング,普通,なし,1,普通,2019
id632,7346,6,120,131,14,東京都下,3階建て,22,タイル,良い,あり,2,,2018
id633,6486,4,91,71,9,東京23区,3階建て,21,,良い,あり,2,,2019
id634,7429,7,84,101,18,東京都下,2階建て,3,,良い,なし,2,普通,2017
id635,3833,2,61,75,16,神奈川,2階建て,6,サイディング,普通,なし,1,普通,2017
id636,4159,6,117,75,16,埼玉,3階建て,20,,普通,なし,1,普通,2016
id637,5921,7,84,91,6,東京都下,2階建て,27,サイディング,良い,あり,2,良い,2019
id638,7526,7,119,72,9,東京都下,3階建て,22,,良い,あり,2,良い,2019
id639,5747,,108,124,9,埼玉,2階建て,24,,良い,なし,2,良い,2019
id640,6858,4,90,65,9,東京23区,3階建て,24,,良い,あり,2,良い,2017
id641,7880,6,70,65,15,千葉,3階建て,7,サイディング,普通,あり,1,,2017
id642,6206,6,74,69,14,東京都下,3階建て,23,タイル,良い,あり,2,,2019
id643,3335,5,94,105,13,千葉,2階建て,12,,普通,なし,1,,2019
id644,8005,4,62,61,11,埼玉,3階建て,11,,良い,あり,2,,2018
id645,5548,,155,88,8,神奈川,3階建て,30,サイディング,良い,なし,2,,2019
id646,5310,7,77,73,19,東京都下,3階建て,11,サイディング,普通,なし,1,,2016
id647,5280,7,93,127,13,埼玉,3階建て,15,,普通,なし,1,,2017
id648,4905,7,95,78,12,神奈川,3階建て,29,タイル,良い,あり,2,,2017
id649,4046,8,95,108,11,埼玉,2階建て,15,サイディング,普通,なし,1,,2019
id650,5586,,71,95,9,埼玉,2階建て,11,サイディング,普通,なし,2,,2016
id651,13186,,145,153,7,東京23区,2階建て,12,サイディング,良い,あり,2,,2019
id652,6525,,81,71,9,東京都下,3階建て,23,タイル,良い,あり,2,,2018
id653,4768,5,63,66,18,神奈川,3階建て,12,サイディング,普通,あり,1,普通,2019
id654,3162,,115,68,20,千葉,3階建て,9,サイディング,普通,あり,1,普通,2017
id655,5803,,92,96,4,東京都下,2階建て,29,,良い,あり,2,良い,2016
id656,4004,2,62,73,12,神奈川,2階建て,9,サイディング,普通,なし,1,普通,2019
id657,5487,9,131,88,4,埼玉,3階建て,11,ALC,普通,あり,2,,2016
id658,6867,3,60,72,12,東京23区,3階建て,20,タイル,良い,あり,2,,2018
id659,6089,9,118,125,3,千葉,2階建て,22,,普通,あり,2,良い,2019
id660,5725,8,96,69,4,東京都下,3階建て,27,サイディング,良い,なし,2,良い,2016
id661,6959,,137,79,8,千葉,3階建て,2,,普通,あり,2,普通,2016
id662,6345,9,161,172,8,神奈川,2階建て,34,タイル,良い,あり,3,,2019
id663,5830,10,218,125,9,埼玉,3階建て,3,,普通,なし,1,,2016
id664,4093,7,90,75,13,埼玉,3階建て,24,サイディング,良い,あり,2,,2017
id665,8823,9,114,122,8,東京都下,2階建て,26,,良い,あり,2,,2018
id666,7307,10,114,67,9,東京都下,3階建て,16,,普通,なし,2,,2018
id667,5979,4,71,66,11,東京23区,3階建て,23,タイル,良い,あり,2,,2017
id668,8762,,113,125,8,神奈川,2階建て,16,,普通,なし,1,,2019
id669,5408,4,120,126,12,神奈川,3階建て,30,サイディング,良い,あり,2,,2016
id670,3820,12,180,112,19,千葉,3階建て,4,サイディング,普通,なし,1,,2017
id671,3872,9,136,149,4,千葉,2階建て,11,サイディング,普通,なし,2,,2018
id672,3662,5,60,64,16,千葉,3階建て,20,サイディング,普通,なし,1,,2016
id673,11672,8,140,151,8,東京23区,2階建て,22,サイディング,良い,あり,2,,2017
id674,4591,6,78,87,8,埼玉,2階建て,8,サイディング,良い,なし,2,,2016
id675,5460,4,62,72,8,神奈川,2階建て,19,サイディング,普通,なし,2,,2019
id676,5469,6,96,106,19,埼玉,2階建て,13,サイディング,普通,なし,1,,2018
id677,5572,7,102,91,17,埼玉,3階建て,13,,普通,なし,1,,2019
id678,6907,8,117,125,8,東京都下,2階建て,18,サイディング,普通,あり,1,普通,2018
id679,3495,5,76,86,10,千葉,2階建て,11,サイディング,普通,なし,1,普通,2017
id680,7249,8,131,138,5,神奈川,2階建て,25,サイディング,普通,なし,1,普通,2017
id681,6173,6,108,118,10,千葉,2階建て,15,サイディング,普通,なし,2,良い,2016
id682,5360,,159,96,16,埼玉,3階建て,11,サイディング,普通,あり,1,,2016
id683,4906,4,96,78,20,東京都下,3階建て,16,,良い,あり,1,,2017
id684,5086,7,78,78,17,東京都下,3階建て,12,サイディング,普通,なし,1,普通,2018
id685,5273,8,110,70,13,東京都下,3階建て,18,,良い,あり,2,良い,2016
id686,7233,,130,140,9,埼玉,2階建て,18,サイディング,普通,なし,2,普通,2018
id687,6879,9,106,116,8,神奈川,2階建て,27,サイディング,良い,あり,2,良い,2018
id688,4698,2,61,75,9,千葉,2階建て,23,タイル,良い,あり,2,,2016
id689,4532,6,85,73,17,埼玉,3階建て,5,サイディング,普通,なし,2,,2019
id690,7017,2,60,67,13,埼玉,2階建て,6,,良い,あり,2,良い,2019
id691,5541,6,84,89,6,埼玉,2階建て,16,サイディング,普通,なし,2,普通,2018
id692,5306,7,84,99,18,埼玉,3階建て,12,サイディング,普通,あり,1,,2019
id693,5340,5,84,89,12,埼玉,2階建て,7,サイディング,普通,なし,1,,2016
id694,5391,8,119,70,13,東京都下,3階建て,25,,普通,なし,2,普通,2019
id695,4989,6,94,74,22,埼玉,3階建て,2,サイディング,普通,なし,1,普通,2019
id696,4587,6,98,79,18,埼玉,3階建て,14,サイディング,普通,なし,1,普通,2017
id697,5658,7,70,68,15,埼玉,3階建て,12,,普通,あり,1,普通,2019
id698,4029,4,62,93,12,東京都下,2階建て,15,,普通,なし,2,,2019
id699,9234,10,123,136,11,東京23区,2階建て,29,,良い,あり,2,,2018
id700,5153,11,104,81,10,千葉,3階建て,21,サイディング,良い,なし,2,良い,2016
